person_id	type	persName	Qualité	Année de naissance	Année de décès	note type=def	note type=Mariette	BNF_URL	dataBnF	IDRef	VIAF	idno Wikidata
CoEg_pers_00000001	contemp	Mariette [Pacha], Auguste	Égyptologue	1821	1881	Inventeur du Sérapéum et fondateur du service des antiquités de l’Égypte		https://catalogue.bnf.fr/ark:/12148/cb12213258k	https://data.bnf.fr/ark:/12148/cb12213258k	https://www.idref.fr/030787130	https://viaf.org/viaf/2521520	https://www.wikidata.org/wiki/Q311850
CoEg_pers_00000002	contemp	Nieuwerkerke (de), Émilien	Artiste et haut fonctionnaire	1811	1892	Successivement directeur général des musées, intendant des beaux-arts et surintendant des musées impériaux		https://catalogue.bnf.fr/ark:/12148/cb12969884g	https://data.bnf.fr/ark:/12148/cb12969884g	https://www.idref.fr/035300310	https://viaf.org/viaf/39508958	https://www.wikidata.org/wiki/Q1232403
CoEg_pers_00000003	contemp	Esquirou de Parieu, Félix	Homme d'État	1815	1893	Ministre français de l’Instruction publique en 1850		https://catalogue.bnf.fr/ark:/12148/cb13475874p	https://data.bnf.fr/ark:/12148/cb13475874p	https://www.idref.fr/096198931	https://viaf.org/viaf/49372727	https://www.wikidata.org/wiki/Q535804
CoEg_pers_00000004	contemp	Baroche, Jules	Homme d'État	1802	1870	Ministre français de l’Intérieur en 1850		https://catalogue.bnf.fr/ark:/12148/cb14435719k	https://data.bnf.fr/ark:/12148/cb14435719k	https://www.idref.fr/066962862	https://viaf.org/viaf/66683795	https://www.wikidata.org/wiki/Q3385651
CoEg_pers_00000005	contemp	Mariette (née Millon), Éléonore		1827	1865		Épouse de Mariette					
CoEg_pers_00000006	contemp	Mariette, Marguerite Louise		1846	1861		Fille de Mariette					
CoEg_pers_00000007	contemp	Mariette, Joséphine Cornélie		1847	1873		Fille de Mariette					
CoEg_pers_00000008	contemp	Mariette, Sophie Éléonore		1849	1885		Fille de Mariette					
CoEg_pers_00000009	hist	Néphéritès Ier	Roi égyptien			(XXIXe dynastie)						https://www.wikidata.org/wiki/Q450994
CoEg_pers_00000010	hist	Amyrtée	Roi égyptien			(XXVIIIe dynastie)	Identifié par Mariette à Nectanébo Ier (cf. Mariette, Auguste, « Lettre de M. Auguste Mariette à M. le victomte de Rougé, sur les résultats des fouilles entreprises par ordre du vice-roy d'Égypte », Revue archéologique, 1860, 2e série, t. 2, p. 17-35, p. 34 [https://gallica.bnf.fr/ark:/12148/bpt6k9748264q/f48.item] ; Le Sérapéum de Memphis, Gide, Paris, 1857-1866, p. 5 [https://gallica.bnf.fr/ark:/12148/bpt6k5806994z/f20.image])				https://viaf.org/viaf/188145911093727060710	https://www.wikidata.org/wiki/Q318000
CoEg_pers_00000011	myth	Apis	Taureau sacré de Ptah à Memphis					https://catalogue.bnf.fr/ark:/12148/cb124694130	https://data.bnf.fr/ark:/12148/cb124694130	https://www.idref.fr/033882436	https://viaf.org/viaf/208002579	https://www.wikidata.org/wiki/Q208150
CoEg_pers_00000012	myth	Seth	Dieu égyptien				Mariette utilise la désignation grecque « Typhon » (cf. Rougé (de), Emmanuel, Notice sommaire des monuments égyptiens exposés dans les galeries du musée du Louvre, Paris, Simon Raçon et Cie, 1855, p. 59, https://bibliotheque-numerique.inha.fr/idviewer/12321/59)	https://catalogue.bnf.fr/ark:/12148/cb16717847z	https://data.bnf.fr/ark:/12148/cb16717847z	https://www.idref.fr/131833847	https://viaf.org/viaf/15612609	https://www.wikidata.org/wiki/Q188931
CoEg_pers_00000013	hist	Nectanébo Ier	Roi égyptien			(XXXe dynastie)				https://www.idref.fr/188528911	http://viaf.org/viaf/838144647709934922455	https://www.wikidata.org/wiki/Q175775
CoEg_pers_00000014	contemp	Lafuente					Mandaté par Anastasi pour vendre sa collection					
CoEg_pers_00000015	contemp	Anastasi, Giovanni	Marchand d'antiquités	1765	1860		Mariette utilise la formes « D’Anastasy »	https://catalogue.bnf.fr/ark:/12148/cb127360717	https://data.bnf.fr/ark:/12148/cb127360717		http://viaf.org/viaf/32737566	https://www.wikidata.org/wiki/Q5563656
CoEg_pers_00000016	contemp	Abbas Pacha	Vice-roi d'Égypte	1813	1854					https://www.idref.fr/191464740	https://viaf.org/viaf/88533334	https://www.wikidata.org/wiki/Q305882
CoEg_pers_00000017	contemp	Méhémet Ali	Vice-roi d'Égypte	1769	1849			https://catalogue.bnf.fr/ark:/12148/cb11969320q	https://data.bnf.fr/ark:/12148/cb11969320q 	https://www.idref.fr/161593585	https://viaf.org/viaf/29512610	https://www.wikidata.org/wiki/Q182781
CoEg_pers_00000018	contemp	Murray, Charles	Diplomate	1806	1895	Consul britannique en Égypte de 1846 à 1853		https://catalogue.bnf.fr/ark:/12148/cb12443225k	https://data.bnf.fr/ark:/12148/cb12443225k		https://viaf.org/viaf/22486983	https://www.wikidata.org/wiki/Q1063616
CoEg_pers_00000019	contemp	Linant de Bellefonds [Pacha], Louis Maurice Adolphe	Ingénieur	1798	1883			https://catalogue.bnf.fr/ark:/12148/cb124342933	https://data.bnf.fr/ark:/12148/cb124342933	https://www.idref.fr/033481059	https://viaf.org/viaf/73944857	https://www.wikidata.org/wiki/Q960740
CoEg_pers_00000020	contemp	Lambert [Bey], Charles Joseph	Ingénieur	1804	1864			https://catalogue.bnf.fr/ark:/12148/cb15366179m	https://data.bnf.fr/ark:/12148/cb15366179m		https://viaf.org/viaf/29834163	https://www.wikidata.org/wiki/Q18744680
CoEg_pers_00000021	contemp	Clot [Bey], Antoine	Médecin	1793	1868			https://catalogue.bnf.fr/ark:/12148/cb123565313	https://data.bnf.fr/ark:/12148/cb123565313	https://www.idref.fr/031474055	https://viaf.org/viaf/81980325	https://www.wikidata.org/wiki/Q2372786
CoEg_pers_00000022	contemp	Varin [Bey], Noël	Officier militaire	1784	1863							
CoEg_pers_00000023	contemp	Walker [Bey]				Boulanger britannique d'Abbas Pacha						
CoEg_pers_00000024	contemp	Le Moyne, Arnaud	Diplomate			Consul général et agent de France en Égypte ; remplacé par Sabatier à l'été 1852						
CoEg_pers_00000025	contemp	Benedetti, Vincent	Diplomate	1817	1900	Gendre d’Anastasi		https://catalogue.bnf.fr/ark:/12148/cb13743825w	https://data.bnf.fr/ark:/12148/cb13743825w	https://www.idref.fr/055674976	http://viaf.org/viaf/10026659	https://www.wikidata.org/wiki/Q1350848
CoEg_pers_00000026	hist	Ramsès II	Roi égyptien			(XIXe dynastie)		https://catalogue.bnf.fr/ark:/12148/cb11952902j	https://data.bnf.fr/ark:/12148/cb11952902j	http://www.idref.fr/027503658	https://viaf.org/viaf/25851094/	https://www.wikidata.org/wiki/Q1523
CoEg_pers_00000027	contemp	Batissier, Louis		1813	1882	Vice-consul de France à Suez entre 1848 et 1861		https://catalogue.bnf.fr/ark:/12148/cb13777288q	https://data.bnf.fr/ark:/12148/cb13777288q		http://viaf.org/viaf/107598696	http://wikidata.org/entity/Q52149686
CoEg_pers_00000028	contemp	Safar-Pacha				Moudir de Giza						
CoEg_pers_00000029	contemp	Stéphan Bey	Homme d'État			Ministre égyptien des Affaires étrangères						
CoEg_pers_00000030	hist	Cambyse II	Roi perse							https://www.idref.fr/123252385	https://viaf.org/viaf/57990573/	https://www.wikidata.org/wiki/Q182483
CoEg_pers_00000031	hist	Diodore de Sicile	Historien grec			(Ier siècle av. J.-C.)		https://catalogue.bnf.fr/ark:/12148/cb11900233c	https://data.bnf.fr/ark:/12148/cb11900233c	https://www.idref.fr/026832682	https://viaf.org/viaf/56608763	https://www.wikidata.org/wiki/Q171241
CoEg_pers_00000032	contemp	Rougé (de), Emmanuel	Égyptologue et haut fonctionnaire	1811	1872			https://catalogue.bnf.fr/ark:/12148/cb123351571	https://data.bnf.fr/ark:/12148/cb123351571	https://www.idref.fr/032294190	https://viaf.org/viaf/22213246	https://www.wikidata.org/wiki/Q2087467
CoEg_pers_00000033	contemp	Longpérier (de), Adrien	Archéologue	1816	1882			https://catalogue.bnf.fr/ark:/12148/cb12568704s	https://data.bnf.fr/ark:/12148/cb12568704s	https://www.idref.fr/07070631X	https://viaf.org/viaf/12424536	https://www.wikidata.org/wiki/Q127218
CoEg_pers_00000034	contemp	Viel-Castel (de), Horace	Historien d'art	1802	1864			https://catalogue.bnf.fr/ark:/12148/cb12644947d	https://data.bnf.fr/ark:/12148/cb12644947d	https://www.idref.fr/027184501	https://viaf.org/viaf/69051610	https://www.wikidata.org/wiki/Q3140481
CoEg_pers_00000035	contemp	Villot, Frédéric	Graveur et historien d'art	1809	1875			https://catalogue.bnf.fr/ark:/12148/cb12951365p	https://data.bnf.fr/ark:/12148/cb12951365p	https://www.idref.fr/032393725	https://viaf.org/viaf/24733526	https://www.wikidata.org/wiki/Q3090265
CoEg_pers_00000036	myth	Dieu										https://www.wikidata.org/wiki/Q190
CoEg_pers_00000037	contemp	Persigny (Fialin de ), Victor	Homme d'État	1808	1872	Ministre français de l’Intérieur de 1852 à 1854	Les Beaux-Arts dépendaient de son portefeuille jusqu'à la fin de 1852, ainsi que la mission confiée à Mariette en Égypte en 1850	https://catalogue.bnf.fr/ark:/12148/cb10722665h	https://data.bnf.fr/ark:/12148/cb10722665h	https://www.idref.fr/079940234	https://viaf.org/viaf/19923190	https://www.wikidata.org/wiki/Q3174556
CoEg_pers_00000038	contemp	Boujon					Chargé des transports pour le gouvernement français					
CoEg_pers_00000039	contemp	Verrier					Chargé des transports pour le gouvernement français					
CoEg_pers_00000040	contemp	Sabatier	Diplomate			Consul général de France en Égypte ; succède à Le Moyne au cours de l'été 1852						
CoEg_pers_00000041	contemp	Drouyn de Lhuys, Édouard	Homme d'État	1805	1881	Ministre français des Affaires étrangères entre 1852 et 1855		https://catalogue.bnf.fr/ark:/12148/cb13069509g	https://data.bnf.fr/ark:/12148/cb13069509g	https://www.idref.fr/093719345	https://viaf.org/viaf/17525718	https://www.wikidata.org/wiki/Q274294
CoEg_pers_00000042	contemp	Cornu, Albine Hortense (née Lacroix)		1809	1875	Amie d'enfance de Napoléon III et protectrice de Mariette et Desjardins		https://catalogue.bnf.fr/ark:/12148/cb16183183b	https://data.bnf.fr/ark:/12148/cb16183183b	https://www.idref.fr/033355746	https://viaf.org/viaf/71481362	https://www.wikidata.org/wiki/Q4233442
CoEg_pers_00000043	contemp	Sauzay, Alexandre	Historien d'art	1803	1870	Entra au Louvre comme commis en 1836 ; en 1861, il devint conservateur adjoint du musée des souverains (Archives nationales, 20150497/115, dossier 47)		https://catalogue.bnf.fr/ark:/12148/cb154854533	https://data.bnf.fr/ark:/12148/cb154854533	https://www.idref.fr/057144532	http://viaf.org/viaf/41688136	https://www.wikidata.org/wiki/Q66101481
CoEg_pers_00000044	contemp	Auguiot, Jean-Baptiste	Fonctionnaire			Entré au Louvre commis en 1829, il y finit sa carrière comme agent comptable en 1852 (dossier de carrière : Archives nationales, 20150497/114, dossier 36)						
CoEg_pers_00000045	hist	Nectanébo II	Roi égyptien			(XXXe dynastie)	Confondu par Mariette avec Nectanébo Ier (Lauer, Jean-Philippe, « Mariette à Sakkarah. Du Sérapéum à la direction des antiquités », dans Mélanges Mariette (Bibliothèque d'études 32), Le Caire, Institut français d'archéologie orientale, 1961, p. 3-55, p. 7, n. 2 [https://archive.org/details/BdE-32/page/n9/mode/2up])				https://viaf.org/viaf/45098268	https://www.wikidata.org/wiki/Q313126
CoEg_pers_00000046	contemp	Pastré, Eugène	Homme d'affaires	1806	1868							https://www.wikidata.org/wiki/Q5408576
CoEg_pers_00000047	myth	Ptah	Dieu égyptien			Patron de Memphis		https://catalogue.bnf.fr/ark:/12148/cb11980873x	https://data.bnf.fr/ark:/12148/cb11980873x		https://viaf.org/viaf/15571376	https://www.wikidata.org/wiki/Q146321
CoEg_pers_00000048	contemp	Hékékyan [Bey], Joseph	Haut fonctionnaire égyptien	1807	1875			https://catalogue.bnf.fr/ark:/12148/cb165386095	https://data.bnf.fr/ark:/12148/cb165386095	http://www.idref.fr/148056822	http://viaf.org/viaf/257147724	https://www.wikidata.org/wiki/Q3185073
CoEg_pers_00000049	contemp	Fleury-Hérard				Banquier ordinaire à Paris du corps diplomatique						
CoEg_pers_00000050	contemp	Aïdi					Négociant d'Égypte auprès de qui Mariette pouvait retirer ses fonds au début de sa première mission					
CoEg_pers_00000051	contemp	Brunet de Presle, Wladimir	Historien	1809	1875			https://catalogue.bnf.fr/ark:/12148/cb124629699	https://data.bnf.fr/ark:/12148/cb124629699	https://www.idref.fr/033808821	https://viaf.org/viaf/203410427	https://www.wikidata.org/wiki/Q4097433
CoEg_pers_00000052	contemp	Le Moyne, Auguste	Fils de Le Moyne									
CoEg_pers_00000053	contemp	Le Moyne, madame	Épouse de Le Moyne									
CoEg_pers_00000054	contemp	Bray de Buyser				Membre de la Société orientale (cf. Revue de l’Orient, 1855)	Mariette lui confia une caisse d'objets à rapporter en France					
CoEg_pers_00000055	hist	Artaxerxès III	Roi perse				Mariette utilise le nom « Ochus »				https://viaf.org/viaf/81603260	https://www.wikidata.org/wiki/Q192867
CoEg_pers_00000056	contemp	Nisard	Chargé de travaux au Louvre			Peut-être Charles Nisard (1808-1889)		https://catalogue.bnf.fr/ark:/12148/cb11917740x	https://data.bnf.fr/ark:/12148/cb11917740x	http://www.idref.fr/027048497	http://viaf.org/viaf/27069569	https://www.wikidata.org/wiki/Q1065647
CoEg_pers_00000057	hist	Darius Ier le Grand	Roi perse					https://catalogue.bnf.fr/ark:/12148/cb126902644	https://data.bnf.fr/ark:/12148/cb126902644	https://www.idref.fr/050127276	https://viaf.org/viaf/15560660	https://www.wikidata.org/wiki/Q44387
CoEg_pers_00000058	hist	Amasis	Roi égyptien			(XXVIe dynastie)					https://viaf.org/viaf/61941083	https://www.wikidata.org/wiki/Q312045
CoEg_pers_00000059	contemp	Soliman Pacha	Officier militaire	1788	1860	Français passé au service de l'Égypte		https://catalogue.bnf.fr/ark:/12148/cb14935790t	https://data.bnf.fr/ark:/12148/cb14935790t	http://www.idref.fr/151246068	http://viaf.org/viaf/182133269	https://www.wikidata.org/wiki/Q745216
CoEg_pers_00000060	myth	Sérapis	Dieu égyptien					https://catalogue.bnf.fr/ark:/12148/cb119726086	https://data.bnf.fr/ark:/12148/cb119726086		http://viaf.org/viaf/316434442	https://www.wikidata.org/wiki/Q214554
CoEg_pers_00000061	contemp	Lepsius, Karl Richard	Égyptologue	1810	1884			https://catalogue.bnf.fr/ark:/12148/cb12416893t	https://data.bnf.fr/ark:/12148/cb12416893t	https://www.idref.fr/033287740	https://viaf.org/viaf/66554760	https://www.wikidata.org/wiki/Q77231
CoEg_pers_00000062	contemp	Fouad Effendi										
CoEg_pers_00000063	hist	Apriès	Roi égyptien			(XXVIe dynastie)	Mariette utilise la forme « Ouaphris »				https://viaf.org/viaf/398519	https://www.wikidata.org/wiki/Q349291
CoEg_pers_00000064	hist	Chéchonq III	Roi égyptien			(XXIIe dynastie)						https://www.wikidata.org/wiki/Q878396
CoEg_pers_00000065	contemp	Rouland, Gustave	Homme d'État	1806	1878	Ministre français de l’Instruction publique de 1856 à 1863		https://catalogue.bnf.fr/ark:/12148/cb155876341	https://data.bnf.fr/ark:/12148/cb155876341		https://viaf.org/viaf/12625084	https://www.wikidata.org/wiki/Q3121315
CoEg_pers_00000066	hist	Neshor					Mariette utilise la forme « Ensahor »					
CoEg_pers_00000067	contemp	Delaporte, Pacifique-Henri		1816	1877	Consul de France au Caire		https://catalogue.bnf.fr/ark:/12148/cb104669559	https://data.bnf.fr/ark:/12148/cb104669559	https://www.idref.fr/166147788	https://viaf.org/viaf/24591314	https://www.wikidata.org/wiki/Q47461240
CoEg_pers_00000068	myth	Anubis	Dieu égyptien					https://catalogue.bnf.fr/ark:/12148/cb12264465p	https://data.bnf.fr/ark:/12148/cb12264465p	https://www.idref.fr/031428800	https://viaf.org/viaf/5144782931443628507	https://www.wikidata.org/wiki/Q47534
CoEg_pers_00000069	hist	Antef					Mariette utilise la forme « Entef »					
CoEg_pers_00000070	contemp	Bonnefoy		?	1859		Auxiliaire officieux de Mariette pendant ses premières fouilles au Sérapéum ; nommé membre du service de conservation des antiquités de l'Égypte à sa création en 1858					
CoEg_pers_00000071	contemp	Napoléon III	Empereur des Français	1808	1873			https://catalogue.bnf.fr/ark:/12148/cb12462544v	https://data.bnf.fr/ark:/12148/cb12462544v	https://www.idref.fr/027274896	https://viaf.org/viaf/88934487	https://www.wikidata.org/wiki/Q7721
CoEg_pers_00000072	myth	Allah										https://www.wikidata.org/wiki/Q234801
CoEg_pers_00000073	boat	L'Albatros				Frégate à vapeur française						
CoEg_pers_00000074	contemp	Bonaparte, Napoléon-Jérôme	Prince français	1822	1891			https://catalogue.bnf.fr/ark:/12148/cb14539256j	https://data.bnf.fr/ark:/12148/cb14539256j	https://www.idref.fr/078526965	https://viaf.org/viaf/103645462	https://www.wikidata.org/wiki/Q434077
CoEg_pers_00000075	contemp	Fould, Achille	Homme d'État	1800	1867			https://catalogue.bnf.fr/ark:/12148/cb12459740h	https://data.bnf.fr/ark:/12148/cb12459740h	https://www.idref.fr/029691257	https://viaf.org/viaf/7485939	https://www.wikidata.org/wiki/Q340215
CoEg_pers_00000076	contemp	Eugénie (impératrice)	Impératrice, épouse de Napoléon III	1826	1920			https://catalogue.bnf.fr/ark:/12148/cb13013975w	https://data.bnf.fr/ark:/12148/cb13013975w	https://www.idref.fr/027320448	https://viaf.org/viaf/39510739	https://www.wikidata.org/wiki/Q157130
CoEg_pers_00000077	contemp	Louis-Philippe Ier	Roi des Français	1773	1850			https://catalogue.bnf.fr/ark:/12148/cb120083455	https://data.bnf.fr/ark:/12148/cb120083455	https://www.idref.fr/028200004	https://viaf.org/viaf/55392984	https://www.wikidata.org/wiki/Q7771
CoEg_pers_00000078	contemp	Adolphe Billaut	Homme d'État	1805	1863	Ministre français de l’Intérieur		https://catalogue.bnf.fr/ark:/12148/cb13209940t	https://data.bnf.fr/ark:/12148/cb13209940t	https://www.idref.fr/147979323	https://viaf.org/viaf/49367618	https://www.wikidata.org/wiki/Q505189
CoEg_pers_00000079	contemp	Morny (de), Charles	Homme d'État	1811	1865			https://catalogue.bnf.fr/ark:/12148/cb119639291	https://data.bnf.fr/ark:/12148/cb119639291	https://www.idref.fr/027641082	https://viaf.org/viaf/36926334	https://www.wikidata.org/wiki/Q965335
CoEg_pers_00000080	contemp	Saïd Pacha	Vice-roi d'Égypte	1822	1863					https://www.idref.fr/170062791	https://viaf.org/viaf/88532611	https://www.wikidata.org/wiki/Q366744
CoEg_pers_00000081	contemp	Ferri-Pisani, Camille	Officier militaire	1819	1893	Aide-de-camp du prince Napoléon		https://catalogue.bnf.fr/ark:/12148/cb12122728t	https://data.bnf.fr/ark:/12148/cb12122728t	https://www.idref.fr/09538197X	https://viaf.org/viaf/49258379	https://www.wikidata.org/wiki/Q23054685
CoEg_pers_00000082	contemp	Devéria, Théodule	Égyptologue	1831	1871			https://catalogue.bnf.fr/ark:/12148/cb129494828	https://data.bnf.fr/ark:/12148/cb129494828	https://www.idref.fr/032274386	https://viaf.org/viaf/51821846	https://www.wikidata.org/wiki/Q406953
CoEg_pers_00000083	contemp	Mariette, Émilie Marie		1855	1871		Fille de Mariette					
CoEg_pers_00000084	contemp	Mariette, Alphonse Paulin		1856	1879		Fils de Mariette					
CoEg_pers_00000085	contemp	Faucher, Léon	Homme d'État	1803	1854	Ministre français de l’Intérieur en 1851 (en tant que chef du gouvernement)		http://catalogue.bnf.fr/ark:/12148/cb125109558	http://data.bnf.fr/ark:/12148/cb125109558	http://www.idref.fr/034344985	http://viaf.org/viaf/41946936	https://www.wikidata.org/wiki/Q954880
CoEg_pers_00000086	contemp	Crouseilhes (de), Marie-Jean-Pierre-Pie-Frédéric Dombidau	Homme d'État	1792	1861	Ministre français de l’Instruction publique en 1851		http://catalogue.bnf.fr/ark:/12148/cb10740894k	http://data.bnf.fr/ark:/12148/cb10740894k	http://www.idref.fr/152794360	http://viaf.org/viaf/107023070	https://www.wikidata.org/wiki/Q3292595
CoEg_pers_00000087	contemp	Ibrahim Pacha	Vice-roi d'Égypte	1789	1848			https://catalogue.bnf.fr/ark:/12148/cb13623851v	https://data.bnf.fr/ark:/12148/cb13623851v	https://www.idref.fr/072774940	https://viaf.org/viaf/90061784	https://www.wikidata.org/wiki/Q311789
CoEg_pers_00000088	contemp	Fernandez, Solomon	Marchand d'antiquités	?	1860							
CoEg_pers_00000089	contemp	Messara, Youssouf				Joseph Messara était drogman auxiliaire au vice-consulat de France au Caire en 1822 (Dardaud, G., « Un ingénieur français au service de Mohamed Ali. Louis Alexis Jumel (1785-1823) », Bulletin de l’Institut d’Égypte 22, 1939-1940, p. 49-97, p. 91). Il est cité par Champollion en 1828, sous le nom de Joseph ou Joussouf Msarra, comme drogman du consulat (Champollion le Jeune, Jean-François (Hartleben, Hermine, éd.), Lettres et journaux de Champollion t. 2 Lettres et journaux écrits pendant le voyage d’Égypte (Bibliothèque égyptologique 31), Paris, Ernest Leroux, 1909, p. 73 [https://gallica.bnf.fr/ark:/12148/bpt6k55516z/f102.image] et 98 [https://gallica.bnf.fr/ark:/12148/bpt6k55516z/f129.image]).	Messara est cité en 1851 comme un Européen possédant des antiquités à Saqqarah					
CoEg_pers_00000090	contemp	Salvandy (de), Narcisse-Achille	Homme d'État	1795	1856			https://catalogue.bnf.fr/ark:/12148/cb130079493	https://data.bnf.fr/fr/13007949/narcisse-achille_de_salvandy/			https://www.wikidata.org/wiki/Q1381121
CoEg_pers_00000091	hist	Amenhotep III	Roi égyptien			(XVIIIe dynastie)		https://catalogue.bnf.fr/ark:/12148/cb122180169	https://data.bnf.fr/ark:/12148/cb122180169	http://www.idref.fr/030846315	https://viaf.org/viaf/262737692/	https://www.wikidata.org/wiki/Q42606
CoEg_pers_00000092	hist	Toutânkhamon	Roi égyptien			(XVIIIe dynastie)		https://catalogue.bnf.fr/ark:/12148/cb12008509v	https://data.bnf.fr/ark:/12148/cb12008509v	https://www.idref.fr/028202171	http://viaf.org/viaf/148503630	http://wikidata.org/entity/Q12154
CoEg_pers_00000093	contemp	Camaret, Louis	Fonctionnaire français	1795	1860	Recteur de l'académie de Douai		https://catalogue.bnf.fr/ark:/12148/cb102117199	https://data.bnf.fr/ark:/12148/cb102117199			https://www.wikidata.org/wiki/Q42904349
CoEg_pers_00000094	contemp	Champollion le Jeune, Jean-François	Égyptologue	1790	1832			https://catalogue.bnf.fr/ark:/12148/cb11895998s	https://data.bnf.fr/ark:/12148/cb11895998s	https://www.idref.fr/026777509	https://viaf.org/viaf/34454460	https://www.wikidata.org/wiki/Q260
CoEg_pers_00000095	contemp	Young, Thomas	Physicien	1773	1829			https://catalogue.bnf.fr/ark:/12148/cb12571287f	https://data.bnf.fr/ark:/12148/cb12571287f	https://www.idref.fr/035025816	https://viaf.org/viaf/128851	https://www.wikidata.org/wiki/Q25820
CoEg_pers_00000096	contemp	Åkerblad, Johan David	Orientaliste	1763	1819			https://catalogue.bnf.fr/ark:/12148/cb12140208r	https://data.bnf.fr/ark:/12148/cb12140208r	https://www.idref.fr/029865840	https://viaf.org/viaf/24637340	https://www.wikidata.org/wiki/Q692438
CoEg_pers_00000097	contemp	Letronne, Jean Antoine	Antiquisant	1787	1848			https://catalogue.bnf.fr/ark:/12148/cb12338945z	https://data.bnf.fr/ark:/12148/cb12338945z	https://www.idref.fr/068531230	https://viaf.org/viaf/36990347	https://www.wikidata.org/wiki/Q574368
CoEg_pers_00000098	hist	Critirnus ?										
CoEg_pers_00000099	myth	Moïse	Personnage biblique								https://viaf.org/viaf/805492	https://www.wikidata.org/wiki/Q9077
CoEg_pers_00000100	myth	Abraham	Personnage biblique					https://catalogue.bnf.fr/ark:/12148/cb165820767	https://data.bnf.fr/ark:/12148/cb165820767		https://viaf.org/viaf/89660956	https://www.wikidata.org/wiki/Q9181
CoEg_pers_00000101	myth	Cadmus	Héros grec			Fondateur de Thèbes (Boétie), à qui l'on attribue l'introduction de l'alphabet phénicien en Grèce		https://catalogue.bnf.fr/ark:/12148/cb15060389h	https://data.bnf.fr/ark:/12148/cb15060389h	https://www.idref.fr/111293693	https://viaf.org/viaf/208236507/	https://www.wikidata.org/wiki/Q27613
CoEg_pers_00000102	myth	Josué	Personnage biblique					https://catalogue.bnf.fr/ark:/12148/cb170211242	https://data.bnf.fr/ark:/12148/cb170211242		https://viaf.org/viaf/4580147270512135700006	https://www.wikidata.org/wiki/Q7734
CoEg_pers_00000103	hist	Ulfilas	Religieux goth	v. 311	383		Mariette écrit « Ulphilas »	https://catalogue.bnf.fr/ark:/12148/cb12005325t	https://data.bnf.fr/ark:/12148/cb12005325t	https://www.idref.fr/028163656	https://viaf.org/viaf/66477200	https://www.wikidata.org/wiki/Q107317
CoEg_pers_00000104	hist	Lao-Tseu	Philosophe chinois					https://catalogue.bnf.fr/ark:/12148/cb11911025n	https://data.bnf.fr/ark:/12148/cb11911025n	https://www.idref.fr/026965402	https://viaf.org/viaf/101089774	https://www.wikidata.org/wiki/Q9333
CoEg_pers_00000105	hist	Aristote	Philosophe grec	385	322			https://catalogue.bnf.fr/ark:/12148/cb13091331s	https://data.bnf.fr/ark:/12148/cb13091331s	https://www.idref.fr/026690276	https://viaf.org/viaf/7524651/	https://www.wikidata.org/wiki/Q868
CoEg_pers_00000106	hist	Platon	Philosophe grec	428/427	348/347			https://catalogue.bnf.fr/ark:/12148/cb11920019p	https://data.bnf.fr/ark:/12148/cb11920019p	https://www.idref.fr/027076164	https://viaf.org/viaf/108159964/	https://www.wikidata.org/wiki/Q859
CoEg_pers_00000107	hist	Polybe	Historien grec	208	126			https://catalogue.bnf.fr/ark:/12148/cb11920194q	https://data.bnf.fr/ark:/12148/cb11920194q	https://www.idref.fr/027352188	https://viaf.org/viaf/267920293/	https://www.wikidata.org/wiki/Q131169
CoEg_pers_00000108	hist	Hérodote d'Halicarnasse	Historien grec	v. 480	v. 425			https://catalogue.bnf.fr/ark:/12148/cb119073789	https://data.bnf.fr/ark:/12148/cb119073789	https://www.idref.fr/085720917	https://viaf.org/viaf/100225976/	https://www.wikidata.org/wiki/Q26825
CoEg_pers_00000109	hist	Plutarque	Écrivain grec	v. 46	v. 125			https://catalogue.bnf.fr/ark:/12148/cb119200813	https://data.bnf.fr/ark:/12148/cb119200813	https://www.idref.fr/027076784	https://viaf.org/viaf/268955446/	https://www.wikidata.org/wiki/Q41523
CoEg_pers_00000110	hist	Apulée	Écrivain latin	v. 125	Apr. 170			https://catalogue.bnf.fr/ark:/12148/cb125686918	https://data.bnf.fr/ark:/12148/cb125686918	https://www.idref.fr/034995145	https://viaf.org/viaf/32115433	https://www.wikidata.org/wiki/Q170512
CoEg_pers_00000111	hist	Tacite	Historien latin	56	120			https://catalogue.bnf.fr/ark:/12148/cb11887667z	https://data.bnf.fr/ark:/12148/cb11887667z	https://www.idref.fr/026672316	https://viaf.org/viaf/100226923	https://www.wikidata.org/wiki/Q2161
CoEg_pers_00000112	hist	Clément d’Alexandrie	Écrivain grec	v. 150	v. 215			https://catalogue.bnf.fr/ark:/12148/cb11897014x	https://data.bnf.fr/ark:/12148/cb11897014x	https://www.idref.fr/026791145	https://viaf.org/viaf/100185827/	https://www.wikidata.org/wiki/Q188883
CoEg_pers_00000113	hist	Philon d'Alexandrie	Écrivain grec	v. 20	v. 45			https://catalogue.bnf.fr/ark:/12148/cb11919600w	https://data.bnf.fr/ark:/12148/cb11919600w	https://www.idref.fr/027070980	https://viaf.org/viaf/310526579/	https://www.wikidata.org/wiki/Q189597
CoEg_pers_00000114	hist	Eusèbe de Césarée	Historien grec	v. 265	339			https://catalogue.bnf.fr/ark:/12148/cb11902007r	https://data.bnf.fr/ark:/12148/cb11902007r	https://www.idref.fr/088843734	https://viaf.org/viaf/4929593/	https://www.wikidata.org/wiki/Q142999
CoEg_pers_00000115	hist	Sanchoniathon	Écrivain phénicien							https://www.idref.fr/083187499	https://viaf.org/viaf/95303431/	https://www.wikidata.org/wiki/Q968582
CoEg_pers_00000116	hist	Manéthon	Écrivain grec					https://catalogue.bnf.fr/ark:/12148/cb123339672	https://data.bnf.fr/ark:/12148/cb123339672	https://www.idref.fr/032279493	https://viaf.org/viaf/59155489	https://www.wikidata.org/wiki/Q174380
CoEg_pers_00000117	hist	Ptolémée II Philadelphe	Roi égyptien	309/308	246						https://viaf.org/viaf/42634080/	https://www.wikidata.org/wiki/Q39576
CoEg_pers_00000118	hist	Horapollon	Écrivain égyptien					https://catalogue.bnf.fr/ark:/12148/cb124596093	https://data.bnf.fr/ark:/12148/cb124596093	https://www.idref.fr/033762708	https://viaf.org/viaf/250688796	https://www.wikidata.org/wiki/Q364379
CoEg_pers_00000119	hist	Paléphate	Écrivain grec					https://catalogue.bnf.fr/ark:/12148/cb12554608q	https://data.bnf.fr/ark:/12148/cb12554608q	https://www.idref.fr/034835563	https://viaf.org/viaf/100181721	https://www.wikidata.org/wiki/Q580565
CoEg_pers_00000120	myth	Hermès Trismégiste						https://catalogue.bnf.fr/ark:/12148/cb12057248q	https://data.bnf.fr/ark:/12148/cb12057248q	https://www.idref.fr/028814185	https://viaf.org/viaf/24571510	https://www.wikidata.org/wiki/Q192358
CoEg_pers_00000121	myth	Darès le Phrygien						https://catalogue.bnf.fr/ark:/12148/cb12215749g	https://data.bnf.fr/ark:/12148/cb12215749g	https://www.idref.fr/030818672	https://viaf.org/viaf/55518848	https://www.wikidata.org/wiki/Q544378
CoEg_pers_00000122	hist	Anacréon	Poète grec	v. 550	v. 464			https://catalogue.bnf.fr/ark:/12148/cb11888717x	https://data.bnf.fr/ark:/12148/cb11888717x	https://www.idref.fr/032840225	https://viaf.org/viaf/100165204/	https://www.wikidata.org/wiki/Q213484
CoEg_pers_00000123	hist	Estienne, Henri II	Imprimeur et humaniste	1528/1531	1598			https://catalogue.bnf.fr/ark:/12148/cb119019504	https://data.bnf.fr/ark:/12148/cb119019504	https://www.idref.fr/085948276	https://viaf.org/viaf/79024744	https://www.wikidata.org/wiki/Q664748
CoEg_pers_00000124	contemp	Adam, Alexandre		1790	1886	Maire de Boulogne-sur-Mer de 1830 à 1848 puis de 1855 à 1861		https://catalogue.bnf.fr/ark:/12148/cb137407027	https://data.bnf.fr/ark:/12148/cb137407027		https://viaf.org/viaf/74030215	https://www.wikidata.org/wiki/Q55979286
CoEg_pers_00000125	contemp	Delessert, François		1780	1868	Député du Pas-de-Calais de 1838 à 1848		https://catalogue.bnf.fr/ark:/12148/cb106154492	https://data.bnf.fr/ark:/12148/cb106154492	https://www.idref.fr/152971629	https://viaf.org/viaf/29524377	https://www.wikidata.org/wiki/Q3083543
CoEg_pers_00000126	hist	Assemani, Giuseppe Simone	Ecclésiastique orientaliste	1687	1768			https://catalogue.bnf.fr/ark:/12148/cb123705494	https://data.bnf.fr/ark:/12148/cb123705494	https://www.idref.fr/06706017X	https://viaf.org/viaf/9927564	https://www.wikidata.org/wiki/Q554853
CoEg_pers_00000127	hist	Assemani, Stefano Evodio	Ecclésiastique orientaliste	1711	1782			https://catalogue.bnf.fr/ark:/12148/cb12071504w	https://data.bnf.fr/ark:/12148/cb12071504w	https://www.idref.fr/028995597	https://viaf.org/viaf/39731448	https://www.wikidata.org/wiki/Q711620
CoEg_pers_00000128	hist	Clément XI	Pape	1649	1721			https://catalogue.bnf.fr/ark:/12148/cb118970158	https://data.bnf.fr/ark:/12148/cb118970158	https://www.idref.fr/069632200	https://viaf.org/viaf/100251489	https://www.wikidata.org/wiki/Q129967
CoEg_pers_00000129	contemp	Huntington, Robert	Ecclésiastique orientaliste	1637	1701			https://catalogue.bnf.fr/ark:/12148/cb14481381z	https://data.bnf.fr/ark:/12148/cb14481381z	https://www.idref.fr/066967384	https://viaf.org/viaf/34684157	https://www.wikidata.org/wiki/Q15440182
CoEg_pers_00000130	contemp	Wansleben, Johann Michael	Ecclésiastique orientaliste	1635	1679			https://catalogue.bnf.fr/ark:/12148/cb107038605	https://data.bnf.fr/ark:/12148/cb107038605	https://www.idref.fr/111888743	https://viaf.org/viaf/3404021	https://www.wikidata.org/wiki/Q3180611
CoEg_pers_00000131	contemp	Quatremère, Étienne Marc	Orientaliste	1782	1857			https://catalogue.bnf.fr/ark:/12148/cb124433684	https://data.bnf.fr/ark:/12148/cb124433684	https://www.idref.fr/033581037	https://viaf.org/viaf/7482667	https://www.wikidata.org/wiki/Q289886
CoEg_pers_00000132	contemp	Prudhoe (Lord)	Homme politique et explorateur britannique	1792	1865						https://viaf.org/viaf/41730198	https://www.wikidata.org/wiki/Q1753204
CoEg_pers_00000133	contemp	Tischendorf (von), Constantin	Helléniste bibliste	1815	1874			https://catalogue.bnf.fr/ark:/12148/cb124893014	https://data.bnf.fr/ark:/12148/cb124893014	https://www.idref.fr/059411937	https://viaf.org/viaf/56713311	https://www.wikidata.org/wiki/Q76743
CoEg_pers_00000134	contemp	Frédéric Auguste II	Roi de Saxe	1797	1854						https://viaf.org/viaf/40177070	https://www.wikidata.org/wiki/Q57986
CoEg_pers_00000135	contemp	Tattam, Henry	Ecclésiastique coptisant	1788	1868			https://catalogue.bnf.fr/ark:/12148/cb102927808	https://data.bnf.fr/ark:/12148/cb102927808	https://www.idref.fr/114014914	https://viaf.org/viaf/52471802	https://www.wikidata.org/wiki/Q576560
CoEg_pers_00000136	contemp	Mimaut, Jean-François	Diplomate et collectionneur	1774	1837			https://catalogue.bnf.fr/ark:/12148/cb12563996m	https://data.bnf.fr/fr/12563996/jean-francois_mimaut/	https://www.idref.fr/034940952	https://viaf.org/viaf/24718760	https://www.wikidata.org/wiki/Q14918072
CoEg_pers_00000137	contemp	Drovetti, Bernardino	Collectionneur et consul de France en Égypte	1776	1852			https://catalogue.bnf.fr/ark:/12148/cb120689421	https://data.bnf.fr/ark:/12148/cb120689421	https://www.idref.fr/028962478	https://viaf.org/viaf/39399994	https://www.wikidata.org/wiki/Q822895
CoEg_pers_00000138	contemp	Wilkinson, John Gardner	Égyptologue britannique	1797	1875			https://catalogue.bnf.fr/ark:/12148/cb12331057s	https://data.bnf.fr/ark:/12148/cb12331057s	https://www.idref.fr/080734243	https://viaf.org/viaf/69000129	https://www.wikidata.org/wiki/Q923032
CoEg_pers_00000139	contemp	Lenormant, Charles	Égyptologue français, professeur au Collège de France	1802	1859			https://catalogue.bnf.fr/ark:/12148/cb124598503	https://data.bnf.fr/ark:/12148/cb124598503	https://www.idref.fr/033766398	https://viaf.org/viaf/7485941	https://www.wikidata.org/wiki/Q547695
CoEg_pers_00000140	contemp	Bunsen (von), Christian Charles Josias	Diplomate et érudit prussien	1791	1860			https://catalogue.bnf.fr/ark:/12148/cb121845954	https://data.bnf.fr/ark:/12148/cb121845954	https://www.idref.fr/067070019	https://viaf.org/viaf/27110558	https://www.wikidata.org/wiki/Q67409
CoEg_pers_00000141	contemp	Jomard, Edme-François	Érudit	1777	1862			https://catalogue.bnf.fr/ark:/12148/cb121648063	https://data.bnf.fr/ark:/12148/cb121648063	https://www.idref.fr/030178673	https://viaf.org/viaf/2511766	https://www.wikidata.org/wiki/Q240788
CoEg_pers_00000142	contemp	Gérôme, Jean-Léon	Peintre	1824	1904			https://catalogue.bnf.fr/ark:/12148/cb12014496k	https://data.bnf.fr/ark:/12148/cb12014496k	https://www.idref.fr/027423093	https://viaf.org/viaf/22153153	https://www.wikidata.org/wiki/Q212499
CoEg_pers_00000143	contemp	Gide	Éditeur									
CoEg_pers_00000144	contemp	Baudry, J.	Éditeur									
CoEg_pers_00000145	hist	Alexandre le Grand	Roi macédonien et conquérant à succès	356	323			https://catalogue.bnf.fr/ark:/12148/cb11946296j	https://data.bnf.fr/ark:/12148/cb11946296j	https://www.idref.fr/027417077	https://viaf.org/viaf/88742742/	https://www.wikidata.org/wiki/Q8409
CoEg_pers_00000146	contemp	Chevalier, Michel	Haut fonctionnaire français	1806	1879			https://catalogue.bnf.fr/ark:/12148/cb12171043k	https://data.bnf.fr/ark:/12148/cb12171043k	https://www.idref.fr/03025518X	https://viaf.org/viaf/51933	https://www.wikidata.org/wiki/Q1930688
CoEg_pers_00000147	hist	Pythagore	Philosophe grec	v. 580	v. 495			https://catalogue.bnf.fr/ark:/12148/cb11920816v	https://eye.bnf.fr/ark:/12148/cb11920816v	https://www.idref.fr/027085260	https://viaf.org/viaf/162237897/	https://www.wikidata.org/wiki/Q10261
CoEg_pers_00000148	hist	Solon	Homme d'État grec	v. 640	v. 558			https://catalogue.bnf.fr/ark:/12148/cb13091860r	https://data.bnf.fr/ark:/12148/cb13091860r	https://www.idref.fr/028829832	https://viaf.org/viaf/81144814374407675870/	https://www.wikidata.org/wiki/Q133337
CoEg_pers_00000149	hist	Lajard, Félix		1783	1858			https://catalogue.bnf.fr/ark:/12148/cb10692736g	https://data.bnf.fr/ark:/12148/cb10692736g	https://www.idref.fr/112353053	https://viaf.org/viaf/769603	https://www.wikidata.org/wiki/Q8313314
CoEg_pers_00000150	myth	Mithra	Dieu oriental								https://viaf.org/viaf/72187436	https://www.wikidata.org/wiki/Q6497135
CoEg_pers_00000151	myth	Osiris	Dieu égyptien					https://catalogue.bnf.fr/ark:/12148/cb11936736v	https://data.bnf.fr/ark:/12148/cb11936736v	https://www.idref.fr/027293807	https://viaf.org/viaf/61789844	https://www.wikidata.org/wiki/Q46491
CoEg_pers_00000152	myth	Bacchus	Dieu romain							https://www.idref.fr/027394719	https://viaf.org/viaf/27864934	https://www.wikidata.org/wiki/Q645312
CoEg_pers_00000153	myth	Jupiter	Dieu romain							https://www.idref.fr/027849546	https://viaf.org/viaf/22933410	https://www.wikidata.org/wiki/Q4649
CoEg_pers_00000154	myth	Hadès	Dieu grec					https://catalogue.bnf.fr/ark:/12148/cb123985871	https://data.bnf.fr/ark:/12148/cb123985871	https://www.idref.fr/033083630	https://viaf.org/viaf/47684337/	https://www.wikidata.org/wiki/Q41410
CoEg_pers_00000155	hist	Nebrê	Roi égyptien (IIe dynastie)			Appelé Καιέχως par Manéthon (francisé en Céchoüs »)						https://www.wikidata.org/wiki/Q152751
CoEg_pers_00000156	myth	Mnévis	Taureau sacré égyptien							https://www.idref.fr/241034124	https://viaf.org/viaf/38144897957450201849	https://www.wikidata.org/wiki/Q1067292
CoEg_pers_00000157	hist	Jules l'Africain	Historien grec	v. 160	v. 240	alias Sextus Julius Africanus		https://catalogue.bnf.fr/ark:/12148/cb12163447b	https://data.bnf.fr/ark:/12148/cb12163447b	https://www.idref.fr/030162262	https://viaf.org/viaf/160788177	https://www.wikidata.org/wiki/Q317014
CoEg_pers_00000158	hist	Georges le Syncelle	Ecclésiastique et chroniqueur byzantin					https://catalogue.bnf.fr/ark:/12148/cb119914769	https://data.bnf.fr/ark:/12148/cb119914769	https://www.idref.fr/027988627	https://viaf.org/viaf/39386582	https://www.wikidata.org/wiki/Q366382
CoEg_pers_00000159	hist	Strabon	Géographe et historien grec	v. 60	v. 20			https://catalogue.bnf.fr/ark:/12148/cb11925629v	https://data.bnf.fr/ark:/12148/cb11925629v	https://www.idref.fr/027150062	https://viaf.org/viaf/100219883/	https://www.wikidata.org/wiki/Q45936
CoEg_pers_00000160	contemp	Frédéric-Guillaume IV de Prusse	Roi de Prusse	1797	1854			https://catalogue.bnf.fr/ark:/12148/cb12192556z	https://data.bnf.fr/ark:/12148/cb12192556z	https://www.idref.fr/030528593	https://viaf.org/viaf/172909814	https://www.wikidata.org/wiki/Q57180
CoEg_pers_00000161	hist	Mykérinos	Roi égyptien (Ive dynastie)								https://viaf.org/viaf/16553808	https://www.wikidata.org/wiki/Q200986
CoEg_pers_00000162	hist	Snéfrou	Roi égyptien (Ive dynastie								https://viaf.org/viaf/53177422	https://www.wikidata.org/wiki/Q189371
CoEg_pers_00000163	hist	Hapy										
CoEg_pers_00000164	contemp	Sharpe, Samuel	Égyptologue et bibliste	1799	1881			https://catalogue.bnf.fr/ark:/12148/cb10332256z	https://data.bnf.fr/ark:/12148/cb10332256z	https://www.idref.fr/066009189	https://viaf.org/viaf/20462374	https://www.wikidata.org/wiki/Q7412601
CoEg_pers_00000165	hist	Pline l'Ancien	Écricain latin	23	79			https://catalogue.bnf.fr/ark:/12148/cb11887294r	https://data.bnf.fr/ark:/12148/cb11887294r	https://www.idref.fr/026668149	https://viaf.org/viaf/100219162	https://www.wikidata.org/wiki/Q82778
CoEg_pers_00000166	hist	Ammien Marcellin	Historien latin	v. 330	v. 395			https://catalogue.bnf.fr/ark:/12148/cb118886885	https://data.bnf.fr/ark:/12148/cb118886885	https://www.idref.fr/026684942	https://viaf.org/viaf/89594750/	https://www.wikidata.org/wiki/Q172198
CoEg_pers_00000167	hist	Suétone	Biographe latin					https://catalogue.bnf.fr/ark:/12148/cb119257294	https://data.bnf.fr/ark:/12148/cb119257294	https://www.idref.fr/027151387	https://viaf.org/viaf/89599270/	https://www.wikidata.org/wiki/Q10133
CoEg_pers_00000168	hist	Germanicus	Général romain	15 av. J.-C.	19			https://catalogue.bnf.fr/ark:/12148/cb11904724r	https://data.bnf.fr/ark:/12148/cb11904724r	https://www.idref.fr/02688903X	https://viaf.org/viaf/56580498	https://www.wikidata.org/wiki/Q191039
CoEg_pers_00000169	hist	Spartianus	Écrivain latin					https://catalogue.bnf.fr/ark:/12148/cb104864618	https://data.bnf.fr/ark:/12148/cb104864618	https://www.idref.fr/130559571	https://viaf.org/viaf/14759878	https://www.wikidata.org/wiki/Q1230624
CoEg_pers_00000170	hist	Titus	Empereur romain	39	81			https://catalogue.bnf.fr/ark:/12148/cb11972355w	https://data.bnf.fr/ark:/12148/cb11972355w	https://www.idref.fr/027746887	https://viaf.org/viaf/83217593/	https://www.wikidata.org/wiki/Q1421
CoEg_pers_00000171	hist	Hadrien	Empereur romain	76	138			https://catalogue.bnf.fr/ark:/12148/cb11954875z	https://data.bnf.fr/ark:/12148/cb11954875z	https://www.idref.fr/027527530	https://viaf.org/viaf/82440741/	https://www.wikidata.org/wiki/Q1427
CoEg_pers_00000172	hist	Julien l'Apostat	Empereur romain	331/332	363			https://catalogue.bnf.fr/ark:/12148/cb121721673	https://data.bnf.fr/ark:/12148/cb121721673	https://www.idref.fr/028722620	https://viaf.org/viaf/57406701/	https://www.wikidata.org/wiki/Q33941
CoEg_pers_00000173	hist	Théodose Ier le Grand	Empereur romain	347	379			https://catalogue.bnf.fr/ark:/12148/cb12648653g	https://data.bnf.fr/ark:/12148/cb12648653g	https://www.idref.fr/050559109	https://viaf.org/viaf/31978444/	https://www.wikidata.org/wiki/Q46696
CoEg_pers_00000174	contemp	Zoega, Georg	Antiquaire	1755	1809			https://catalogue.bnf.fr/ark:/12148/cb13007843r	https://data.bnf.fr/ark:/12148/cb13007843r	https://www.idref.fr/139519955	https://viaf.org/viaf/69064075	https://www.wikidata.org/wiki/Q568595
CoEg_pers_00000175	hist	Tochon, Joseph-François	Homme politique et antiquaire	1772	1820	alias « Tochon d'Annecy »		https://catalogue.bnf.fr/ark:/12148/cb16556232h	https://data.bnf.fr/ark:/12148/cb16556232h	https://www.idref.fr/101278586	https://viaf.org/viaf/38017994	https://www.wikidata.org/wiki/Q3184268
CoEg_pers_00000176	hist	Solin	Écrivain latin					https://catalogue.bnf.fr/ark:/12148/cb12459920f	https://data.bnf.fr/ark:/12148/cb12459920f	https://www.idref.fr/033768986	https://viaf.org/viaf/51672454/	https://www.wikidata.org/wiki/Q520487
CoEg_pers_00000177	hist	Porphyre de Tyr	Philosophe grec et latin	234	v. 310			https://catalogue.bnf.fr/ark:/12148/cb120084710	https://data.bnf.fr/ark:/12148/cb120084710	https://www.idref.fr/027435873	https://viaf.org/viaf/64016141/	https://www.wikidata.org/wiki/Q203445
CoEg_pers_00000178	hist	Pomponius Mela	Géographe latin					https://catalogue.bnf.fr/ark:/12148/cb121174358	https://data.bnf.fr/ark:/12148/cb121174358	https://www.idref.fr/029578019	https://viaf.org/viaf/34489209	https://www.wikidata.org/wiki/Q297515
CoEg_pers_00000179	contemp	Birch, Samuel	Égyptologue	1813	1885			https://catalogue.bnf.fr/ark:/12148/cb13088768q	https://data.bnf.fr/ark:/12148/cb13088768q	https://www.idref.fr/066640059	https://viaf.org/viaf/757450	https://www.wikidata.org/wiki/Q2742058
CoEg_pers_00000180	hist	Élien le Sophiste	Écrivain grec					https://catalogue.bnf.fr/ark:/12148/cb13092007b	https://data.bnf.fr/ark:/12148/cb13092007b	https://www.idref.fr/030060087	https://viaf.org/viaf/100219416	https://www.wikidata.org/wiki/Q313782
CoEg_pers_00000181	hist	Ahmès	Propriétaire original d'un sarcophage égyptien du musée de Berlin									
CoEg_pers_00000182	hist	Ahmès Ier	Roi égyptien (XVIIIe dynastie)								https://viaf.org/viaf/59882356/	https://www.wikidata.org/wiki/Q7222
CoEg_pers_00000183	hist	Pétisis										
CoEg_pers_00000184	hist	Jablonski, Paul Ernest	Orientaliste	1693	1757			https://catalogue.bnf.fr/ark:/12148/cb12546975z	https://data.bnf.fr/ark:/12148/cb12546975z	https://www.idref.fr/067721117	https://viaf.org/viaf/34571501	https://www.wikidata.org/wiki/Q110313
CoEg_pers_00000185	hist	Ahmès fils d'Abana	Chef des rameurs sous Ahmès Ier (XVIIIe dynastie), enterré à El-Kab								https://viaf.org/viaf/24239867/	https://www.wikidata.org/wiki/Q402060
CoEg_pers_00000186	myth	Vulcain	Dieu romain							https://www.idref.fr/027862682	https://viaf.org/viaf/42633769	https://www.wikidata.org/wiki/Q4640
CoEg_pers_00000187	hist	Ptolémée VIII Évergète II	Roi égyptien (dynastie lagide)	182	116						https://viaf.org/viaf/155419788/	https://www.wikidata.org/wiki/Q3350
CoEg_pers_00000188	myth	Hapy	Dieu égyptien								https://viaf.org/viaf/298837669	https://www.wikidata.org/wiki/Q32143
CoEg_pers_00000189	myth	Hathor	Déesse égyptienne							https://www.idref.fr/030147492	https://viaf.org/viaf/63151776729818010780	https://www.wikidata.org/wiki/Q133343
CoEg_pers_00000190	myth	Amon	Dieu égyptien							https://www.idref.fr/027398722	https://viaf.org/viaf/306390671	https://www.wikidata.org/wiki/Q58373
CoEg_pers_00000191	myth	Sobek	Dieu égyptien							https://www.idref.fr/166417173	https://viaf.org/viaf/35291212	https://www.wikidata.org/wiki/Q146313
CoEg_pers_00000192	myth	Rê	Dieu égyptien							https://www.idref.fr/027402568	https://viaf.org/viaf/32792135	https://www.wikidata.org/wiki/Q1252904
CoEg_pers_00000193	hist	Dodwell, Henry	Érudit	1641	1711			https://catalogue.bnf.fr/ark:/12148/cb14506115b	https://data.bnf.fr/ark:/12148/cb14506115b	https://www.idref.fr/123231558	https://viaf.org/viaf/19912139	https://www.wikidata.org/wiki/Q3132744
CoEg_pers_00000194	hist	Marsham, John								https://www.idref.fr/103968970	https://viaf.org/viaf/1067833	https://www.wikidata.org/wiki/Q7527919
CoEg_pers_00000195	hist	Osorkon II	Roi égyptien (XXIIe dynastie)								https://viaf.org/viaf/107787928	https://www.wikidata.org/wiki/Q459153
CoEg_pers_00000196	hist	Des Vignoles, Alphonse						https://catalogue.bnf.fr/ark:/12148/cb10566310v	https://data.bnf.fr/ark:/12148/cb10566310v	https://www.idref.fr/071420037	https://viaf.org/viaf/69707326	https://www.wikidata.org/wiki/Q2839770
CoEg_pers_00000197	contemp	Millon, Joséphine née Cosyn					Belle-mère de Mariette					
CoEg_pers_00000198	hist	Chéchonq IV	Roi égyptien (XXIIIe dynastie)									https://www.wikidata.org/wiki/Q781765
CoEg_pers_00000199	contemp	Ismaïl Pacha	Vice-roi puis khédive d'Égypte	1830	1895			https://catalogue.bnf.fr/ark:/12148/cb10779500c	https://data.bnf.fr/ark:/12148/cb10779500c	https://www.idref.fr/158519744	https://viaf.org/viaf/37724276	https://www.wikidata.org/wiki/Q159378
CoEg_pers_00000200	contemp	Lenormant, François	Orientaliste	1837	1883			https://catalogue.bnf.fr/ark:/12148/cb12954608d	https://data.bnf.fr/ark:/12148/cb12954608d	https://www.idref.fr/061234508	https://viaf.org/viaf/71523229	https://www.wikidata.org/wiki/Q1347918
CoEg_pers_00000201	hist	Ioufânkh					Mariette emploie la forme « Aufankh »					
CoEg_pers_00000202	hist	Macrobe						https://catalogue.bnf.fr/ark:/12148/cb11999201s	https://data.bnf.fr/ark:/12148/cb11999201s	https://www.idref.fr/03092166X	https://viaf.org/viaf/39387062	https://www.wikidata.org/wiki/Q313934
CoEg_pers_00000203	hist	Ptolémée XV Césarion	Roi égyptien (dynastie lagide)								https://viaf.org/viaf/67910474/	https://www.wikidata.org/wiki/Q39589
CoEg_pers_00000204	hist	Pausanias le Périégète						https://catalogue.bnf.fr/ark:/12148/cb11918834h	https://data.bnf.fr/ark:/12148/cb11918834h	https://www.idref.fr/028159969	https://viaf.org/viaf/77132959	https://www.wikidata.org/wiki/Q192931
CoEg_pers_00000205	hist	César	Homme d'État romain	100	44			https://catalogue.bnf.fr/ark:/12148/cb11894764p	https://data.bnf.fr/ark:/12148/cb11894764p	https://www.idref.fr/027303136	https://viaf.org/viaf/286265178/	https://www.wikidata.org/wiki/Q1048
CoEg_pers_00000206	hist	Clépopâtre VII	Reine égyptienne	v. 69	30			https://catalogue.bnf.fr/ark:/12148/cb11938532d	https://data.bnf.fr/ark:/12148/cb11938532d	https://www.idref.fr/027316564	https://viaf.org/viaf/67762941/	https://www.wikidata.org/wiki/Q635
CoEg_pers_00000207	contemp	Luynes (d'Albert de), Honoré Théodoric	Antiquaire	1803	1867			https://catalogue.bnf.fr/ark:/12148/cb123479468	https://data.bnf.fr/ark:/12148/cb123479468	https://www.idref.fr/087189488	https://viaf.org/viaf/46835180	https://www.wikidata.org/wiki/Q444237
CoEg_pers_00000208	myth	Astarté	Déesse orientale							https://www.idref.fr/027454223	https://viaf.org/viaf/805767	https://www.wikidata.org/wiki/Q130274
CoEg_pers_00000209	myth	Isis	Déesse égyptienne							https://www.idref.fr/027599167	https://viaf.org/viaf/313298566/	https://www.wikidata.org/wiki/Q79876
CoEg_pers_00000210	myth	Nephthys	Déesse égyptienne							https://www.idref.fr/198066457	https://viaf.org/viaf/359149617030003752230	https://www.wikidata.org/wiki/Q169040
CoEg_pers_00000211	contemp	Peyron, Bernardino	Orientaliste et bibliothécaire	1819	1903			https://catalogue.bnf.fr/ark:/12148/cb10481159p	https://data.bnf.fr/ark:/12148/cb10481159p	https://www.idref.fr/129399299	https://viaf.org/viaf/39366651	https://www.wikidata.org/wiki/Q3638726
CoEg_pers_00000212	contemp	Reuvens, Caspar	Antiquaire	1793	1835			https://catalogue.bnf.fr/ark:/12148/cb12789876x	https://data.bnf.fr/ark:/12148/cb12789876x	https://www.idref.fr/081107226	https://viaf.org/viaf/90636159	https://www.wikidata.org/wiki/Q1863369
CoEg_pers_00000213	hist	Ptolémée Ier Sôter	Roi égyptien	v. 368	283			https://catalogue.bnf.fr/ark:/12148/cb12473505d	https://data.bnf.fr/ark:/12148/cb12473505d	https://www.idref.fr/066982855	https://viaf.org/viaf/21347488/	https://www.wikidata.org/wiki/Q168261
CoEg_pers_00000214	hist	Timothée l’interprète										
CoEg_pers_00000215	myth	Pluton	Dieu romain									https://www.wikidata.org/wiki/Q152262
CoEg_pers_00000216	hist	Denys le Périégète	Écrivain grec	v. 115	v. 180			https://catalogue.bnf.fr/ark:/12148/cb121512771	https://data.bnf.fr/ark:/12148/cb121512771	https://www.idref.fr/03000764X	https://viaf.org/viaf/100902699	https://www.wikidata.org/wiki/Q1226993
CoEg_pers_00000217	hist	Cyrille d’Alexandrie	Ecclésiastique	v. 375	444			https://catalogue.bnf.fr/ark:/12148/cb118983578	https://data.bnf.fr/ark:/12148/cb118983578	https://www.idref.fr/026808048	https://viaf.org/viaf/190218431/	https://www.wikidata.org/wiki/Q44079
CoEg_pers_00000218	hist	Auguste	Empereur romain	63	14			https://catalogue.bnf.fr/ark:/12148/cb12326866z	https://data.bnf.fr/ark:/12148/cb12326866z	https://www.idref.fr/032190026	https://viaf.org/viaf/18013086/	https://www.wikidata.org/wiki/Q1405
CoEg_pers_00000219	hist	Trajan	Empereur romain	53	117			https://catalogue.bnf.fr/ark:/12148/cb13164032k	https://data.bnf.fr/ark:/12148/cb13164032k	https://www.idref.fr/081821417	https://viaf.org/viaf/88067472/	https://www.wikidata.org/wiki/Q1425
CoEg_pers_00000220	hist	Commode	Empereur romain	161	192			https://catalogue.bnf.fr/ark:/12148/cb14455354d	https://data.bnf.fr/ark:/12148/cb14455354d	https://www.idref.fr/061621293	https://viaf.org/viaf/23502412/	https://www.wikidata.org/wiki/Q1434
CoEg_pers_00000221	hist	Gallien	Empereur romain	v. 218	268			https://catalogue.bnf.fr/ark:/12148/cb131627817	https://data.bnf.fr/ark:/12148/cb131627817	https://www.idref.fr/027381331	https://viaf.org/viaf/10637212/	https://www.wikidata.org/wiki/Q104475
CoEg_pers_00000222	hist	Ptolémée VI Philométor	Roi égyptien (dynastie lagide)	186	145						https://viaf.org/viaf/67258070	https://www.wikidata.org/wiki/Q39952
CoEg_pers_00000223	myth	Osorapis										
CoEg_pers_00000224	myth	Dionysos	Dieu grec							https://www.idref.fr/02739560X	https://viaf.org/viaf/10152079049807110114	https://www.wikidata.org/wiki/Q41680
CoEg_pers_00000225	myth	Ounennéfer										https://www.wikidata.org/wiki/Q3358332
CoEg_pers_00000226	contemp	Guigniaut, Joseph-Daniel	Helléniste	1794	1876			https://catalogue.bnf.fr/ark:/12148/cb13475757t	https://data.bnf.fr/ark:/12148/cb13475757t	https://www.idref.fr/03514484X	https://viaf.org/viaf/5080788	https://www.wikidata.org/wiki/Q3184217
CoEg_pers_00000227	contemp	Burnouf, Jean Louis	Philologue	1755	1844			https://catalogue.bnf.fr/ark:/12148/cb11894608x	https://data.bnf.fr/ark:/12148/cb11894608x	https://www.idref.fr/026759845	https://viaf.org/viaf/31993809	https://www.wikidata.org/wiki/Q3166670
CoEg_pers_00000228	hist	Nicocréon	Roi chypriote									https://www.wikidata.org/wiki/Q181585
CoEg_pers_00000229	hist	Jamblique	Philosophe grec	v. 250	v. 330			https://catalogue.bnf.fr/ark:/12148/cb11908535t	https://data.bnf.fr/ark:/12148/cb11908535t	https://www.idref.fr/026934523	https://viaf.org/viaf/12310254/	https://www.wikidata.org/wiki/Q310916
CoEg_pers_00000230	myth	Jéovah-Elohim	Dieu hébraïque								https://viaf.org/viaf/27863181	https://www.wikidata.org/wiki/Q105173
CoEg_pers_00000231	hist	Plotin	Philosophe grec	205	270			https://catalogue.bnf.fr/ark:/12148/cb11887296f	https://data.bnf.fr/ark:/12148/cb11887296f	https://www.idref.fr/026668165	https://viaf.org/viaf/108386765/	https://www.wikidata.org/wiki/Q134189
CoEg_pers_00000232	myth	Khnoum	Dieu égyptien					https://catalogue.bnf.fr/ark:/12148/cb17819771b	https://data.bnf.fr/ark:/12148/cb17819771b	https://www.idref.fr/24186478X		https://www.wikidata.org/wiki/Q183097
CoEg_pers_00000233	myth	Thot	Dieu égyptien							https://www.idref.fr/030529115	https://viaf.org/viaf/54151776828318012681	https://www.wikidata.org/wiki/Q146921
CoEg_pers_00000234	myth	Horus	Dieu égyptien							https://www.idref.fr/02757508X	https://viaf.org/viaf/69724039	https://www.wikidata.org/wiki/Q84122
CoEg_pers_00000235	hist	Jésus de Nazareth								https://www.idref.fr/027325636	https://viaf.org/viaf/73945424	https://www.wikidata.org/wiki/Q51666
CoEg_pers_00000236	hist	Nabuchodonosor II	Roi babylonien							https://www.idref.fr/073929395	https://viaf.org/viaf/67850417	https://www.wikidata.org/wiki/Q12591
CoEg_pers_00000237	contemp	Servaux, Eugène	Haut fonctionnaire	1815	1890	Chef du bureau des travaux historiques au ministère de l'Instruction publique						
CoEg_pers_00000238	contemp	Ferry, Jules	Homme d'État	1832	1893			https://catalogue.bnf.fr/ark:/12148/cb12513455m	https://data.bnf.fr/ark:/12148/cb12513455m	https://www.idref.fr/027316904	https://viaf.org/viaf/5038341	https://www.wikidata.org/wiki/Q959708
CoEg_pers_00000239	contemp	Waddington, William Henry	Homme d'État	1826	1894			https://catalogue.bnf.fr/ark:/12148/cb127512741	https://data.bnf.fr/ark:/12148/cb127512741	https://www.idref.fr/035782951	https://viaf.org/viaf/64130319	https://www.wikidata.org/wiki/Q548696
CoEg_pers_00000240	contemp	Fortoul, Hippolyte	Homme d'État	1811	1856			https://catalogue.bnf.fr/ark:/12148/cb125108748	https://data.bnf.fr/ark:/12148/cb125108748	https://www.idref.fr/034344144	https://viaf.org/viaf/64111595	https://www.wikidata.org/wiki/Q3136058
CoEg_pers_00000241	contemp	Peyron, Amedeo	Philologue coptisant	1785	1870			https://catalogue.bnf.fr/ark:/12148/cb13514697g	https://data.bnf.fr/ark:/12148/cb13514697g	https://www.idref.fr/050486020	https://viaf.org/viaf/19835436	https://www.wikidata.org/wiki/Q451744
CoEg_pers_00000242	hist	Théophile d'Antioche	Écrivain grec					https://catalogue.bnf.fr/ark:/12148/cb130917149	https://data.bnf.fr/ark:/12148/cb130917149	https://www.idref.fr/02797863X	https://viaf.org/viaf/164007222/	https://www.wikidata.org/wiki/Q220787
CoEg_pers_00000243	contemp	Maury, Alfred	Érudit	1817	1892			https://catalogue.bnf.fr/ark:/12148/cb119152793	https://data.bnf.fr/ark:/12148/cb119152793	https://www.idref.fr/027019217	https://viaf.org/viaf/68932704	https://www.wikidata.org/wiki/Q1972200
CoEg_pers_imn	contemp	À identifier				Personne non encore identifiée						
CoEg_pers_00000244	contemp	Desjardins, Ernest	Géographe	1823	1886			https://catalogue.bnf.fr/ark:/12148/cb13003254s	https://data.bnf.fr/ark:/12148/cb13003254s	https://www.idref.fr/078046017	https://viaf.org/viaf/39510149	https://www.wikidata.org/wiki/Q2745819
CoEg_pers_00000245	contemp	Lesseps (de), Ferdinand	Diplomate et entrepreneur	1805	1894			https://catalogue.bnf.fr/ark:/12148/cb12068024m	https://data.bnf.fr/ark:/12148/cb12068024m	https://www.idref.fr/027686787	https://viaf.org/viaf/4952685	https://www.wikidata.org/wiki/Q209169
CoEg_pers_00000246	boat	America	Bateau à vapeur de la Österreichischer Lloyd opérant sur la ligne Trieste-Alexandrie									
CoEg_pers_00000247	boat	mon bateau (1862)	// Ramsès ?									
CoEg_pers_00000248	contemp	Desjardins (née Picot), Pauline Marie Cécile		1841	1933							
CoEg_pers_00000249	contemp	Artois (d'), Henri (comte de Chambord)		1820	1883			https://catalogue.bnf.fr/ark:/12148/cb11895952g	https://data.bnf.fr/ark:/12148/cb11895952g	https://www.idref.fr/026776901	https://viaf.org/viaf/49223104	https://www.wikidata.org/wiki/Q88851
CoEg_pers_00000250	contemp	Orléans (d'), Philippe (comte de Paris)		1838	1894			https://catalogue.bnf.fr/ark:/12148/cb12570033q	https://data.bnf.fr/ark:/12148/cb12570033q	https://www.idref.fr/035011165	https://viaf.org/viaf/204321352	https://www.wikidata.org/wiki/Q354477
CoEg_pers_00000251	contemp	Picot, Émile	Linguiste	1844	1918		Beau-frère d'Ernest Dujastin et protégé de Mme Cornu, comme Mariette et Desjardins. 	https://catalogue.bnf.fr/ark:/12148/cb12422302j	https://data.bnf.fr/ark:/12148/cb12422302j	https://www.idref.fr/033348103	https://viaf.org/viaf/88893145	https://www.wikidata.org/wiki/Q286322
CoEg_pers_00000252	contemp	Burguières Bey (docteur)				Médecin d'Ismaïl Pacha ; correspondant également avec Desjardins		https://catalogue.bnf.fr/ark:/12148/cb10464467f	https://data.bnf.fr/ark:/12148/cb10464467f			
CoEg_pers_00000253	hist	Smendès	Roi égyptien (XXIe dynastie)								https://viaf.org/viaf/308219364	https://www.wikidata.org/wiki/Q336395
CoEg_pers_00000254	contemp	Pingard, Antonius		1797	1885	Chef du secrétariat de l'Institut de France						
CoEg_pers_00000255	contemp	Abdulaziz	Sultan ottoman	1830	1876			https://catalogue.bnf.fr/ark:/12148/cb153663404	https://data.bnf.fr/ark:/12148/cb153663404	https://www.idref.fr/102198012	https://viaf.org/viaf/122114473	https://www.wikidata.org/wiki/Q151500
CoEg_pers_00000256	contemp	Mariette, Victor Ferdinand		1863	1865	Fils de Mariette						
CoEg_pers_00000257	contemp	Lemercier	Éditeur									
CoEg_pers_00000258	contemp	Marie-Clothilde de Savoie	Princesse	1843	1911	dite princesse Napoléon		https://catalogue.bnf.fr/ark:/12148/cb12651583n	https://data.bnf.fr/ark:/12148/cb12651583n	https://www.idref.fr/155321633	https://viaf.org/viaf/316441660	https://www.wikidata.org/wiki/Q923098
CoEg_pers_00000259	contemp	Oppert, Jules	Assyriologue	1825	1905			https://catalogue.bnf.fr/ark:/12148/cb13492740s	https://data.bnf.fr/ark:/12148/cb13492740s	https://www.idref.fr/050276735	https://viaf.org/viaf/165060	https://www.wikidata.org/wiki/Q63488
CoEg_pers_00000260	contemp	Bulwer, Henry	Diplomate britannique	1801	1872	Ambassadeur du Royaume-Uni à la Sublime Porte de 1858 à 1865		https://catalogue.bnf.fr/ark:/12148/cb113365337	https://data.bnf.fr/ark:/12148/cb113365337	https://www.idref.fr/09042820X	https://viaf.org/viaf/3253704	https://www.wikidata.org/wiki/Q3132669
CoEg_pers_00000261	contemp	Noubar Pacha	Homme d'État	1825	1899	Secrétaire du vice-roi d'Égypte et successivement ministre des Travaux publics, ministre des Affaires étrangères et Premier ministre		https://catalogue.bnf.fr/ark:/12148/cb15117811s	https://data.bnf.fr/ark:/12148/cb15117811s		https://viaf.org/viaf/29830024	https://www.wikidata.org/wiki/Q595285
CoEg_pers_00000262	contemp	Regnault, Hector				Professeur de physique et de chimie	Mariette l'a connu à Boulogne-sur-Mer					
CoEg_pers_00000263	contemp	Foucart, Paul	Helléniste	1836	1926			https://catalogue.bnf.fr/ark:/12148/cb12137811s	https://data.bnf.fr/ark:/12148/cb12137811s	https://www.idref.fr/029834945	https://viaf.org/viaf/27101859	https://www.wikidata.org/wiki/Q821261
CoEg_pers_00000264	boat	Ramsès	Bateau à vapeur du service des antiquités				Il était utilisé par Mariette en 1862, mais lui fut retiré avant fin 1864 et semble lui avoir été rendu en 1865					
CoEg_pers_00000265	contemp	Rothschild (de), Edmond	Banquier et collectionneur	1845	1934			https://catalogue.bnf.fr/ark:/12148/cb119351526	https://data.bnf.fr/ark:/12148/cb119351526	https://www.idref.fr/077454340	https://viaf.org/viaf/54415870	https://www.wikidata.org/wiki/Q467167
CoEg_pers_00000266	contemp	Péreire, Henri						https://catalogue.bnf.fr/ark:/12148/cb16946962v	https://data.bnf.fr/ark:/12148/cb16946962v		https://viaf.org/viaf/95951049/	
CoEg_pers_00000267	contemp	Vincent, Alexandre-Joseph-Hidulphe	Érudit	1797	1868			https://catalogue.bnf.fr/ark:/12148/cb12169177w	https://data.bnf.fr/ark:/12148/cb12169177w	https://www.idref.fr/030231981	https://viaf.org/viaf/27107261	https://www.wikidata.org/wiki/Q12950875
CoEg_pers_00000268	contemp	Bravay, François		1817	1874	Aventurier et homme d'affaire en Égypte puis parlementaire		https://catalogue.bnf.fr/ark:/12148/cb11049524p	https://data.bnf.fr/ark:/12148/cb11049524p		https://viaf.org/viaf/49217961	https://www.wikidata.org/wiki/Q3084096
CoEg_pers_00000269	contemp	Dümichen, Johannes	Égyptologue	1833	1894			https://catalogue.bnf.fr/ark:/12148/cb12967210s	https://data.bnf.fr/ark:/12148/cb12967210s	https://www.idref.fr/060865466	https://viaf.org/viaf/19982992	https://www.wikidata.org/wiki/Q72177
CoEg_pers_00000270	contemp	Renan, Ernest	Savant	1823	1892		Il voyagea en Égypte avec Mariette en 1865	https://catalogue.bnf.fr/ark:/12148/cb119214865	https://data.bnf.fr/ark:/12148/cb119214865	https://www.idref.fr/027094170	https://viaf.org/viaf/100170528	https://www.wikidata.org/wiki/Q157155
CoEg_pers_00000272	contemp	Floris, Michel Ange		1809	1888	Directeur de l'atelier du musée du Caire						
CoEg_pers_00000273	hist	Séthi Ier	Roi égyptien (XIXe dynastie)								https://viaf.org/viaf/144996654/	https://www.wikidata.org/wiki/Q157918
CoEg_pers_00000274	contemp	Russel, Stanislas	Explorateur	1811	1862			https://catalogue.bnf.fr/ark:/12148/cb10575646n	https://data.bnf.fr/ark:/12148/cb10575646n	https://www.idref.fr/204005353	https://viaf.org/viaf/311296474	https://www.wikidata.org/wiki/Q23901670
CoEg_pers_00000275	hist	Ménès	Roi égyptien (Ire dynastie)								https://viaf.org/viaf/44150516675503442671/	https://www.wikidata.org/wiki/Q189582
CoEg_pers_00000276	contemp	Revilloud	Médecin				Participa à une mission médicale envoyée en Égypte pour lutter contre le choléra en 1865, au cours de laquelle il soigna – sans pouvoir la sauver – la femme de Mariette					
CoEg_pers_00000277	contemp	Gaillardot, Charles	Médecin	1814	1883			https://catalogue.bnf.fr/ark:/12148/cb153231839	https://data.bnf.fr/ark:/12148/cb153231839	https://www.idref.fr/183612914	https://viaf.org/viaf/29832833/	https://www.wikidata.org/wiki/Q18783417
CoEg_pers_00000278	contemp	Mariette, Alphonse					Frère de Mariette ; vivait au Royaume-Uni					
CoEg_pers_00000279	contemp	Baillère, Henri Paul Charles	Libraire-éditeur	1840	1905		Voyagea en Égypte en 1867	https://catalogue.bnf.fr/ark:/12148/cb12997980h	https://data.bnf.fr/ark:/12148/cb12997980h	http://www.idref.fr/033647739	http://viaf.org/viaf/19812004	
CoEg_pers_00000280	contemp	Saulcy (de), Félicien	Archéologue	1807	1880			https://catalogue.bnf.fr/ark:/12148/cb12245110d	https://data.bnf.fr/ark:/12148/cb12245110d	https://www.idref.fr/03118748X	https://viaf.org/viaf/195673808	https://www.wikidata.org/wiki/Q55072238
CoEg_pers_00000281	contemp	Brugsch [Pacha], Heinrich	Égyptologue	1827	1894			https://catalogue.bnf.fr/ark:/12148/cb13538401f	https://data.bnf.fr/ark:/12148/cb13538401f	https://www.idref.fr/050688316	https://viaf.org/viaf/17384630	https://www.wikidata.org/wiki/Q213729
CoEg_pers_00000282	contemp	Vieweg	Libraire-éditeur					https://catalogue.bnf.fr/ark:/12148/cb15959082s	https://data.bnf.fr/ark:/12148/cb15959082s			
CoEg_pers_00000283	contemp	Goyer, Félix Émile	Lithographe	1818								
CoEg_pers_00000284	contemp	Franck, A.	Libraire-éditeur							https://www.idref.fr/104569336		
CoEg_pers_00000285	contemp	Faure, Dorothée Wilhelmine Suzanne	Née Pöhls	1821	1868	Mère d'Albert et Aline Faure » ; son fils et elles sont tous deux mentionnés dans la correspondance entretenue par Émile Picot, beau-frère de Desjardins (Folschweiller, Cécile [éd.], Émile Picot, secrétaire du prince de Roumanie. Correspondance de Bucarest (1866-1867), Paris, Presses de l'Inalco, 2020 [https://books.openedition.org/pressesinalco/32456]).						
CoEg_pers_00000286	contemp	Faure, Aline		1849	1921	Sœur d'Albert Faure	Membre du cercle des Desjardins et des Picot					
CoEg_pers_00000287	contemp	Faure, Albert		1841	1901	Fils de « Madame Faure » ; tous deux sont mentionnés dans la correspondance entretenue par Émile Picot, beau-frère de Desjardins (Folschweiller, Cécile [éd.], Émile Picot, secrétaire du prince de Roumanie. Correspondance de Bucarest (1866-1867), Paris, Presses de l'Inalco, 2020 [https://books.openedition.org/pressesinalco/32456]).						
CoEg_pers_imn	contemp	À identifier				Personne non encore identifiée						
CoEg_pers_00000288	contemp	Surell, Alexandre	Ingénieur	1813	1887		Participant au voyage du Qasd el-Kheir avec Rhoné, Péreire et Devéria	https://catalogue.bnf.fr/ark:/12148/cb106238267	https://data.bnf.fr/ark:/12148/cb106238267	https://www.idref.fr/074076043	https://viaf.org/viaf/7381312	https://www.wikidata.org/wiki/Q2833527
CoEg_pers_00000289	contemp	Desjardins, Paul	Journaliste	1859	1940		Fils d'Ernest Desjardins	https://catalogue.bnf.fr/ark:/12148/cb12874914d	https://data.bnf.fr/ark:/12148/cb12874914d	https://www.idref.fr/066899400	https://viaf.org/viaf/5060337	https://www.wikidata.org/wiki/Q932340
CoEg_pers_00000290	contemp	Say, Léon	Journaliste	1826	1896			https://catalogue.bnf.fr/ark:/12148/cb12510876z	https://data.bnf.fr/ark:/12148/cb12510876z	https://www.idref.fr/034344160	https://viaf.org/viaf/66572769	https://www.wikidata.org/wiki/Q3271322
CoEg_pers_00000291	contemp	Maspero, Gaston	Égyptologue	1846	1916	Successeur de Mariette à la tête du service dans antiquités de l'Égypte		https://catalogue.bnf.fr/ark:/12148/cb11914963d	https://data.bnf.fr/ark:/12148/cb11914963d	https://www.idref.fr/027014967	https://viaf.org/viaf/89234658	https://www.wikidata.org/wiki/Q311816
CoEg_pers_00000292	contemp	Picot, Madame	Belle-mère de Desjardins, ou belle-soeur ?									
CoEg_pers_00000293	contemp	Moustier (de), Léonel	Homme d'État	1817	1869	Ministre des Affaires étrangères (1866-1868)		https://catalogue.bnf.fr/ark:/12148/cb14406329d	https://data.bnf.fr/ark:/12148/cb14406329d	https://www.idref.fr/094829241	https://viaf.org/viaf/52618161	https://www.wikidata.org/wiki/Q3271673
CoEg_pers_00000294	contemp	Schefer, Charles	Orientaliste	1820	1898	Administrateur de l'École nationale des langues orientales (1867-1898)	Mariette écrit « Scheffer »	https://catalogue.bnf.fr/ark:/12148/cb11923928v	https://data.bnf.fr/ark:/12148/cb11923928v	www.idref.fr/027125661	https://viaf.org/viaf/32002664/	https://www.wikidata.org/wiki/Q2960200
CoEg_pers_00000295	contemp	Guillaume Ier	Roi de Prusse puis empereur d'Allemagne	1797	1888			https://catalogue.bnf.fr/ark:/12148/cb113442872	https://data.bnf.fr/ark:/12148/cb113442872	https://www.idref.fr/027764486	https://viaf.org/viaf/43148190	https://www.wikidata.org/wiki/Q150652
CoEg_pers_00000296	contemp	Vassalli Bey, Luigi		1812	1887	Assistant de Mariette, conservateur adjoint du musée du Caire ; il assuma la direction par intérim du musée et du service des antiquités entre la mort de Mariette et la nomination de Maspero à sa succession (18 janvier-10 février 1881)		https://catalogue.bnf.fr/ark:/12148/cb14646329k	https://data.bnf.fr/ark:/12148/cb14646329k	https://www.idref.fr/177530707	https://viaf.org/viaf/29790996	https://www.wikidata.org/wiki/Q1393092
CoEg_pers_00000297	contemp	Wescher, Carl	Archéologue	1832	1904			https://catalogue.bnf.fr/ark:/12148/cb10339147d	https://data.bnf.fr/ark:/12148/cb10339147d	https://www.idref.fr/083614214	https://viaf.org/viaf/52463826/	https://www.wikidata.org/wiki/Q15429532
CoEg_pers_00000298	contemp	Renier, Léon	Historien	1809	1885		Maître d'Ernest Desjardins	https://catalogue.bnf.fr/ark:/12148/cb127570758	https://data.bnf.fr/ark:/12148/cb127570758	https://www.idref.fr/03017760X	https://viaf.org/viaf/12432329	https://www.wikidata.org/wiki/Q961496
CoEg_pers_00000299	contemp	Millon, Silvain					Beau-père de Mariette					
CoEg_pers_00000301	contemp	Theremin	Diplomate			Consul de Prusse						
CoEg_pers_00000302	contemp	Figari Bey, Antonio	Naturaliste	1804	1870			https://catalogue.bnf.fr/ark:/12148/cb15320196x	https://data.bnf.fr/ark:/12148/cb15320196x	https://www.idref.fr/179273027	https://viaf.org/viaf/47065433	https://www.wikidata.org/wiki/Q5643533
CoEg_pers_00000303	contemp	Jourdain, Charles	Haut fonctionnaire	1817	1886	Chef de la division de la comptabilité au ministère de l'Instruction publique (1852-1869)		https://catalogue.bnf.fr/fr/12123005/charles_jourdain/	https://data.bnf.fr/fr/12123005/charles_jourdain/	https://www.idref.fr/029649811	https://viaf.org/viaf/24634345/	https://www.wikidata.org/wiki/Q4181876
CoEg_pers_00000304	contemp	Duruy, Victor	Homme d'État	1811	1894	Ministre de l'Instruction publique (1863-1869)		https://catalogue.bnf.fr/ark:/12148/cb12453369p	https://data.bnf.fr/ark:/12148/cb12453369p	https://www.idref.fr/027783278	https://viaf.org/viaf/66562025	https://www.wikidata.org/wiki/Q583868
CoEg_pers_00000305	contemp	Émille				Consul vers 1869						
CoEg_pers_00000306	contemp	Mariette, Edmond					Frère de Mariette					
CoEg_pers_00000307	contemp	Mariette, Zoé					Sœur de Mariette					
CoEg_pers_00000308	contemp	Moustapha Fazil Pacha	Prince égyptien	1830	1875	Fils d'Ibrahim Pacha					https://viaf.org/viaf/4515045	https://www.wikidata.org/wiki/Q3777410
CoEg_pers_00000309	contemp	Apt				Collaborateur de Goyer						
CoEg_pers_00000310	contemp	François-Joseph Ier	Empereur d'Autriche et roi de Hongrie	1830	1916			https://catalogue.bnf.fr/ark:/12148/cb12239721g	https://data.bnf.fr/ark:/12148/cb12239721g	https://www.idref.fr/027324583	https://viaf.org/viaf/32787948	https://www.wikidata.org/wiki/Special:EntityPage/Q51056
CoEg_pers_00000311	contemp	Frédéric III	Empereur d'Allemagne	1831	1888	Alias Hohenzollern (de), Frédéric-Guillaume		https://catalogue.bnf.fr/ark:/12148/cb11343689m	https://data.bnf.fr/ark:/12148/cb11343689m	https://www.idref.fr/081134983	https://viaf.org/viaf/14227653	https://www.wikidata.org/wiki/Special:EntityPage/Q58600
CoEg_pers_00000312	contemp	Esmangart de Bournonville (comte de Saint-Maurice), Charles Gaston		1831	1905	Aventurier et collectionneur						
CoEg_pers_00000313	contemp	Davillier-Regnaud de Saint-Jean d'Angély, Edmond		1824	1908	Premier écuyer de Napoléon III						
CoEg_pers_00000314	contemp	Khalil Bey	Diplomate	1831	1879	alias Khalil Chérif Pacha		https://catalogue.bnf.fr/ark:/12148/cb13744953n	https://data.bnf.fr/ark:/12148/cb13744953n	https://www.idref.fr/08611560X	https://viaf.org/viaf/42726413/	https://www.wikidata.org/wiki/Q506933
CoEg_pers_00000315	contemp	Eisenlohr, August	Égyptologue	1832	1902			https://catalogue.bnf.fr/ark:/12148/cb104333392	https://data.bnf.fr/ark:/12148/cb104333392	https://www.idref.fr/162076541	https://viaf.org/viaf/47513170	https://www.wikidata.org/wiki/Q112519
CoEg_pers_00000316	contemp	Chabas, François	Égyptologue	1817	1882			https://catalogue.bnf.fr/ark:/12148/cb12335105s	https://data.bnf.fr/ark:/12148/cb12335105s	https://www.idref.fr/032293623	https://viaf.org/viaf/64077749	https://www.wikidata.org/wiki/Q558406
CoEg_pers_00000317	contemp	Weidenbach, Ernst	Graveur	1818	1884							
CoEg_pers_00000318	contemp	Hamy, Ernest-Théodore	Anthropologue	1842	1908			https://catalogue.bnf.fr/ark:/12148/cb119068235	https://data.bnf.fr/ark:/12148/cb119068235	https://www.idref.fr/026913860	https://viaf.org/viaf/44299915	https://www.wikidata.org/wiki/Q1356363
CoEg_pers_00000319	contemp	Harris, Anthony Charles	Collectionneur	1790	1869					https://www.idref.fr/127955674	https://viaf.org/viaf/91674207	https://www.wikidata.org/wiki/Q526842
CoEg_pers_00000320	contemp	Harris, Selma		v. 1827	1899							
CoEg_pers_00000321	hist	Ramsès III	Roi égyptien (Xxe dynastie)					https://catalogue.bnf.fr/ark:/12148/cb12253993v	https://data.bnf.fr/ark:/12148/cb12253993v	https://www.idref.fr/031297587	https://viaf.org/viaf/45777651	https://www.wikidata.org/wiki/Q1528
CoEg_pers_00000322	contemp	Watteville du Grabe (de), Oscar-Amédée	Haut fonctionnaire français	1824	1901			https://catalogue.bnf.fr/ark:/12148/cb12574020b	https://data.bnf.fr/ark:/12148/cb12574020b	https://www.idref.fr/095038523	https://viaf.org/viaf/56989662	https://www.wikidata.org/wiki/Q47408292
CoEg_pers_00000323	contemp	Chélu Pacha, Alfred J.	Ingénieur		1916			https://catalogue.bnf.fr/ark:/12148/cb10188137j	https://data.bnf.fr/ark:/12148/cb10188137j	http://www.idref.fr/100938167	http://viaf.org/viaf/97730686	
CoEg_pers_00000324	contemp	Chélu, Madame										
CoEg_pers_00000325	contemp	Dubief, Louis		1821	1891	Directeur de l'Institution Sainte-Barbe		https://catalogue.bnf.fr/ark:/12148/cb10268189j	https://data.bnf.fr/ark:/12148/cb10268189j		http://viaf.org/viaf/197829705	http://wikidata.org/entity/Q16056002
CoEg_pers_00000326	contemp	Fenardent	Graveur									
CoEg_pers_00000327	contemp	Barrot Bey				Chef de cabinet d'Ismaïl Pacha						
CoEg_pers_00000328	contemp	Desjardins, Abel		1870		Fils d'Ernest Desjardins						
CoEg_pers_00000271	contemp	Mariette, Éléonore Fanny		1857	1861		Fille de Mariette					
CoEg_pers_00000300	contemp	Mariette, Félix Sylvain Eugène		1859	?		Fils de Mariette					
CoEg_pers_00000329	contemp	Mariette, Alfred Ferdinand Paulin		1861	1943		Fils de Mariette					
CoEg_pers_00000330	contemp	Mariette, Hortense Éléonore Louise		1862	1884		Fille de Mariette					
